Name,Gender
Etienne Perrin,Male
Kevin Fournier,Male
Françoise Fournier,Female
Vanessa Dubois,Female
Sebastian Schmidt,Male
Patrick Schulz,Male
Julia Schmidt,Female
Anna Müller,Female
Xavier Martí Roca,Male
Alvaro Martínez García,Male
Marta Nuñez Delgado,Female
Andrea Fernández Ortiz,Female
Robert Taylor,Male
Peter Davies,Male
Elizabeth Wright,Female
Mary Davies,Female
Pavel Novotný,Male
Kiss Gergő,Male
Eva Svobodová,Female
Mészáros Adrienn,Female
Michael Johnson,Male
Kelvin John,Male
Jennifer Johnson,Female
Edith John,Female
Muhammad Ahmed,Male
Yasir Ahmad,Male
Amina Ahmed,Female
Yasmina Mustafa,Female
Yusuf Yilmaz,Male
Bilal Öztürk,Male
Yasemin Öztürk,Female
Hatice Öztürk,Female
Michael Mbombo,Male
Nkulu Monga,Male
Josephine Mbombo,Female
Anne Mwamba,Female
Christian Vargas Amador,Male
Jhonattan Flores Vargas,Male
Selena Cortés Heredia,Female
Judit Ortega Ruiz,Female
Ahmad Iqbal,Male
Zahid Rashid,Male
Ayesha Khan,Female
Sakina Bakhash,Female
